thread_id,first_timestamp,last_timestamp,total_duration_ms,rdb_time_ms,rdb_percentage,rdb_call_count,property_count,status,event_sequence
exec-1,15:01:12.112,15:01:12.114,5537,325,5.9,25,8660,SUCCESS_NORMAL,[15:01:12.112] === Bottleneck Point 시작 === → [15:01:12.112] 총 소요 시간: 5537ms → [15:01:12.113] RDB 조회 시간: 325ms (5.9%) → [15:01:12.113] RDB 호출 횟수: 25회 → [15:01:12.113] 총 매물 수: 8660건 → [15:01:12.113] === Bottleneck Point 종료 === → [15:01:12.113] S-05: 지역구 점수 계산 및 정렬 시작 → [15:01:12.113] S-06: 전세 최종 응답 생성 시작 → [15:01:12.114] 전세 지역구 추천 서비스 완료 → [15:01:12.114] 추천 요청 완료 - 상태: SUCCESS_NORMAL
exec-2,15:01:12.125,15:01:12.126,5539,296,5.3,25,8660,SUCCESS_NORMAL,[15:01:12.125] === Bottleneck Point 시작 === → [15:01:12.125] 총 소요 시간: 5539ms → [15:01:12.125] RDB 조회 시간: 296ms (5.3%) → [15:01:12.125] RDB 호출 횟수: 25회 → [15:01:12.125] 총 매물 수: 8660건 → [15:01:12.125] === Bottleneck Point 종료 === → [15:01:12.125] S-05: 지역구 점수 계산 및 정렬 시작 → [15:01:12.126] S-06: 전세 최종 응답 생성 시작 → [15:01:12.126] 전세 지역구 추천 서비스 완료 → [15:01:12.126] 추천 요청 완료 - 상태: SUCCESS_NORMAL
exec-3,15:01:12.009,15:01:12.011,5435,329,6.1,25,8660,SUCCESS_NORMAL,[15:01:12.009] === Bottleneck Point 시작 === → [15:01:12.009] 총 소요 시간: 5435ms → [15:01:12.009] RDB 조회 시간: 329ms (6.1%) → [15:01:12.009] RDB 호출 횟수: 25회 → [15:01:12.009] 총 매물 수: 8660건 → [15:01:12.009] === Bottleneck Point 종료 === → [15:01:12.009] S-05: 지역구 점수 계산 및 정렬 시작 → [15:01:12.010] S-06: 전세 최종 응답 생성 시작 → [15:01:12.011] 전세 지역구 추천 서비스 완료 → [15:01:12.011] 추천 요청 완료 - 상태: SUCCESS_NORMAL
exec-4,15:01:12.163,15:01:12.164,5586,293,5.2,25,8660,SUCCESS_NORMAL,[15:01:12.163] === Bottleneck Point 시작 === → [15:01:12.163] 총 소요 시간: 5586ms → [15:01:12.163] RDB 조회 시간: 293ms (5.2%) → [15:01:12.163] RDB 호출 횟수: 25회 → [15:01:12.163] 총 매물 수: 8660건 → [15:01:12.163] === Bottleneck Point 종료 === → [15:01:12.163] S-05: 지역구 점수 계산 및 정렬 시작 → [15:01:12.164] S-06: 전세 최종 응답 생성 시작 → [15:01:12.164] 전세 지역구 추천 서비스 완료 → [15:01:12.164] 추천 요청 완료 - 상태: SUCCESS_NORMAL
exec-5,15:01:12.013,15:01:12.016,5419,314,5.8,25,8660,SUCCESS_NORMAL,[15:01:12.013] === Bottleneck Point 시작 === → [15:01:12.014] 총 소요 시간: 5419ms → [15:01:12.014] RDB 조회 시간: 314ms (5.8%) → [15:01:12.014] RDB 호출 횟수: 25회 → [15:01:12.014] 총 매물 수: 8660건 → [15:01:12.014] === Bottleneck Point 종료 === → [15:01:12.014] S-05: 지역구 점수 계산 및 정렬 시작 → [15:01:12.015] S-06: 전세 최종 응답 생성 시작 → [15:01:12.015] 전세 지역구 추천 서비스 완료 → [15:01:12.016] 추천 요청 완료 - 상태: SUCCESS_NORMAL
exec-6,15:01:12.135,15:01:12.137,5538,355,6.4,25,8660,SUCCESS_NORMAL,[15:01:12.135] === Bottleneck Point 시작 === → [15:01:12.135] 총 소요 시간: 5538ms → [15:01:12.135] RDB 조회 시간: 355ms (6.4%) → [15:01:12.135] RDB 호출 횟수: 25회 → [15:01:12.135] 총 매물 수: 8660건 → [15:01:12.135] === Bottleneck Point 종료 === → [15:01:12.135] S-05: 지역구 점수 계산 및 정렬 시작 → [15:01:12.136] S-06: 전세 최종 응답 생성 시작 → [15:01:12.137] 전세 지역구 추천 서비스 완료 → [15:01:12.137] 추천 요청 완료 - 상태: SUCCESS_NORMAL
exec-7,15:01:12.151,15:01:12.152,5513,388,7.0,25,8660,SUCCESS_NORMAL,[15:01:12.151] === Bottleneck Point 시작 === → [15:01:12.151] 총 소요 시간: 5513ms → [15:01:12.151] RDB 조회 시간: 388ms (7.0%) → [15:01:12.151] RDB 호출 횟수: 25회 → [15:01:12.151] 총 매물 수: 8660건 → [15:01:12.151] === Bottleneck Point 종료 === → [15:01:12.151] S-05: 지역구 점수 계산 및 정렬 시작 → [15:01:12.152] S-06: 전세 최종 응답 생성 시작 → [15:01:12.152] 전세 지역구 추천 서비스 완료 → [15:01:12.152] 추천 요청 완료 - 상태: SUCCESS_NORMAL
exec-8,15:01:11.989,15:01:11.992,5409,364,6.7,25,8660,SUCCESS_NORMAL,[15:01:11.989] === Bottleneck Point 시작 === → [15:01:11.989] 총 소요 시간: 5409ms → [15:01:11.990] RDB 조회 시간: 364ms (6.7%) → [15:01:11.990] RDB 호출 횟수: 25회 → [15:01:11.990] 총 매물 수: 8660건 → [15:01:11.990] === Bottleneck Point 종료 === → [15:01:11.990] S-05: 지역구 점수 계산 및 정렬 시작 → [15:01:11.991] S-06: 전세 최종 응답 생성 시작 → [15:01:11.992] 전세 지역구 추천 서비스 완료 → [15:01:11.992] 추천 요청 완료 - 상태: SUCCESS_NORMAL
exec-9,15:01:12.167,15:01:12.169,5584,350,6.3,25,8660,SUCCESS_NORMAL,[15:01:12.167] === Bottleneck Point 시작 === → [15:01:12.167] 총 소요 시간: 5584ms → [15:01:12.167] RDB 조회 시간: 350ms (6.3%) → [15:01:12.167] RDB 호출 횟수: 25회 → [15:01:12.168] 총 매물 수: 8660건 → [15:01:12.168] === Bottleneck Point 종료 === → [15:01:12.168] S-05: 지역구 점수 계산 및 정렬 시작 → [15:01:12.168] S-06: 전세 최종 응답 생성 시작 → [15:01:12.169] 전세 지역구 추천 서비스 완료 → [15:01:12.169] 추천 요청 완료 - 상태: SUCCESS_NORMAL
exec-10,15:01:12.175,15:01:12.176,5602,353,6.3,25,8660,SUCCESS_NORMAL,[15:01:12.175] === Bottleneck Point 시작 === → [15:01:12.175] 총 소요 시간: 5602ms → [15:01:12.175] RDB 조회 시간: 353ms (6.3%) → [15:01:12.175] RDB 호출 횟수: 25회 → [15:01:12.175] 총 매물 수: 8660건 → [15:01:12.175] === Bottleneck Point 종료 === → [15:01:12.175] S-05: 지역구 점수 계산 및 정렬 시작 → [15:01:12.175] S-06: 전세 최종 응답 생성 시작 → [15:01:12.176] 전세 지역구 추천 서비스 완료 → [15:01:12.176] 추천 요청 완료 - 상태: SUCCESS_NORMAL
exec-11,15:01:12.175,15:01:12.176,5588,374,6.7,25,8660,SUCCESS_NORMAL,[15:01:12.175] === Bottleneck Point 시작 === → [15:01:12.175] 총 소요 시간: 5588ms → [15:01:12.175] RDB 조회 시간: 374ms (6.7%) → [15:01:12.175] RDB 호출 횟수: 25회 → [15:01:12.175] 총 매물 수: 8660건 → [15:01:12.175] === Bottleneck Point 종료 === → [15:01:12.175] S-05: 지역구 점수 계산 및 정렬 시작 → [15:01:12.176] S-06: 전세 최종 응답 생성 시작 → [15:01:12.176] 전세 지역구 추천 서비스 완료 → [15:01:12.176] 추천 요청 완료 - 상태: SUCCESS_NORMAL
exec-12,15:01:12.000,15:01:12.002,5406,434,8.0,25,8660,SUCCESS_NORMAL,[15:01:12.000] === Bottleneck Point 시작 === → [15:01:12.000] 총 소요 시간: 5406ms → [15:01:12.000] RDB 조회 시간: 434ms (8.0%) → [15:01:12.000] RDB 호출 횟수: 25회 → [15:01:12.000] 총 매물 수: 8660건 → [15:01:12.000] === Bottleneck Point 종료 === → [15:01:12.000] S-05: 지역구 점수 계산 및 정렬 시작 → [15:01:12.001] S-06: 전세 최종 응답 생성 시작 → [15:01:12.002] 전세 지역구 추천 서비스 완료 → [15:01:12.002] 추천 요청 완료 - 상태: SUCCESS_NORMAL
exec-13,15:01:12.119,15:01:12.122,5524,381,6.9,25,8660,SUCCESS_NORMAL,[15:01:12.119] === Bottleneck Point 시작 === → [15:01:12.119] 총 소요 시간: 5524ms → [15:01:12.119] RDB 조회 시간: 381ms (6.9%) → [15:01:12.120] RDB 호출 횟수: 25회 → [15:01:12.120] 총 매물 수: 8660건 → [15:01:12.120] === Bottleneck Point 종료 === → [15:01:12.120] S-05: 지역구 점수 계산 및 정렬 시작 → [15:01:12.121] S-06: 전세 최종 응답 생성 시작 → [15:01:12.122] 전세 지역구 추천 서비스 완료 → [15:01:12.122] 추천 요청 완료 - 상태: SUCCESS_NORMAL
exec-14,15:01:12.153,15:01:12.155,5560,381,6.9,25,8660,SUCCESS_NORMAL,[15:01:12.153] === Bottleneck Point 시작 === → [15:01:12.153] 총 소요 시간: 5560ms → [15:01:12.154] RDB 조회 시간: 381ms (6.9%) → [15:01:12.154] RDB 호출 횟수: 25회 → [15:01:12.154] 총 매물 수: 8660건 → [15:01:12.154] === Bottleneck Point 종료 === → [15:01:12.154] S-05: 지역구 점수 계산 및 정렬 시작 → [15:01:12.154] S-06: 전세 최종 응답 생성 시작 → [15:01:12.155] 전세 지역구 추천 서비스 완료 → [15:01:12.155] 추천 요청 완료 - 상태: SUCCESS_NORMAL
exec-15,15:01:12.096,15:01:12.097,5513,353,6.4,25,8660,SUCCESS_NORMAL,[15:01:12.096] === Bottleneck Point 시작 === → [15:01:12.096] 총 소요 시간: 5513ms → [15:01:12.096] RDB 조회 시간: 353ms (6.4%) → [15:01:12.096] RDB 호출 횟수: 25회 → [15:01:12.096] 총 매물 수: 8660건 → [15:01:12.096] === Bottleneck Point 종료 === → [15:01:12.096] S-05: 지역구 점수 계산 및 정렬 시작 → [15:01:12.097] S-06: 전세 최종 응답 생성 시작 → [15:01:12.097] 전세 지역구 추천 서비스 완료 → [15:01:12.097] 추천 요청 완료 - 상태: SUCCESS_NORMAL
exec-16,15:01:12.157,15:01:12.160,5581,305,5.5,25,8660,SUCCESS_NORMAL,[15:01:12.157] === Bottleneck Point 시작 === → [15:01:12.158] 총 소요 시간: 5581ms → [15:01:12.158] RDB 조회 시간: 305ms (5.5%) → [15:01:12.158] RDB 호출 횟수: 25회 → [15:01:12.158] 총 매물 수: 8660건 → [15:01:12.158] === Bottleneck Point 종료 === → [15:01:12.158] S-05: 지역구 점수 계산 및 정렬 시작 → [15:01:12.159] S-06: 전세 최종 응답 생성 시작 → [15:01:12.159] 전세 지역구 추천 서비스 완료 → [15:01:12.160] 추천 요청 완료 - 상태: SUCCESS_NORMAL
exec-17,15:01:12.125,15:01:12.126,5545,315,5.7,25,8660,SUCCESS_NORMAL,[15:01:12.125] === Bottleneck Point 시작 === → [15:01:12.125] 총 소요 시간: 5545ms → [15:01:12.125] RDB 조회 시간: 315ms (5.7%) → [15:01:12.125] RDB 호출 횟수: 25회 → [15:01:12.125] 총 매물 수: 8660건 → [15:01:12.125] === Bottleneck Point 종료 === → [15:01:12.125] S-05: 지역구 점수 계산 및 정렬 시작 → [15:01:12.126] S-06: 전세 최종 응답 생성 시작 → [15:01:12.126] 전세 지역구 추천 서비스 완료 → [15:01:12.126] 추천 요청 완료 - 상태: SUCCESS_NORMAL
exec-18,15:01:12.167,15:01:12.169,5581,357,6.4,25,8660,SUCCESS_NORMAL,[15:01:12.167] === Bottleneck Point 시작 === → [15:01:12.167] 총 소요 시간: 5581ms → [15:01:12.168] RDB 조회 시간: 357ms (6.4%) → [15:01:12.168] RDB 호출 횟수: 25회 → [15:01:12.168] 총 매물 수: 8660건 → [15:01:12.168] === Bottleneck Point 종료 === → [15:01:12.168] S-05: 지역구 점수 계산 및 정렬 시작 → [15:01:12.169] S-06: 전세 최종 응답 생성 시작 → [15:01:12.169] 전세 지역구 추천 서비스 완료 → [15:01:12.169] 추천 요청 완료 - 상태: SUCCESS_NORMAL
exec-19,15:01:11.993,15:01:11.995,5409,336,6.2,25,8660,SUCCESS_NORMAL,[15:01:11.993] === Bottleneck Point 시작 === → [15:01:11.993] 총 소요 시간: 5409ms → [15:01:11.994] RDB 조회 시간: 336ms (6.2%) → [15:01:11.994] RDB 호출 횟수: 25회 → [15:01:11.994] 총 매물 수: 8660건 → [15:01:11.994] === Bottleneck Point 종료 === → [15:01:11.994] S-05: 지역구 점수 계산 및 정렬 시작 → [15:01:11.995] S-06: 전세 최종 응답 생성 시작 → [15:01:11.995] 전세 지역구 추천 서비스 완료 → [15:01:11.995] 추천 요청 완료 - 상태: SUCCESS_NORMAL
exec-20,15:01:12.135,15:01:12.137,5551,332,6.0,25,8660,SUCCESS_NORMAL,[15:01:12.135] === Bottleneck Point 시작 === → [15:01:12.135] 총 소요 시간: 5551ms → [15:01:12.135] RDB 조회 시간: 332ms (6.0%) → [15:01:12.135] RDB 호출 횟수: 25회 → [15:01:12.135] 총 매물 수: 8660건 → [15:01:12.135] === Bottleneck Point 종료 === → [15:01:12.135] S-05: 지역구 점수 계산 및 정렬 시작 → [15:01:12.136] S-06: 전세 최종 응답 생성 시작 → [15:01:12.137] 전세 지역구 추천 서비스 완료 → [15:01:12.137] 추천 요청 완료 - 상태: SUCCESS_NORMAL
exec-21,15:01:12.119,15:01:12.122,5538,332,6.0,25,8660,SUCCESS_NORMAL,[15:01:12.119] === Bottleneck Point 시작 === → [15:01:12.119] 총 소요 시간: 5538ms → [15:01:12.119] RDB 조회 시간: 332ms (6.0%) → [15:01:12.120] RDB 호출 횟수: 25회 → [15:01:12.120] 총 매물 수: 8660건 → [15:01:12.120] === Bottleneck Point 종료 === → [15:01:12.120] S-05: 지역구 점수 계산 및 정렬 시작 → [15:01:12.121] S-06: 전세 최종 응답 생성 시작 → [15:01:12.122] 전세 지역구 추천 서비스 완료 → [15:01:12.122] 추천 요청 완료 - 상태: SUCCESS_NORMAL
exec-22,15:01:12.168,15:01:12.170,5575,437,7.8,25,8660,SUCCESS_NORMAL,[15:01:12.168] === Bottleneck Point 시작 === → [15:01:12.168] 총 소요 시간: 5575ms → [15:01:12.168] RDB 조회 시간: 437ms (7.8%) → [15:01:12.168] RDB 호출 횟수: 25회 → [15:01:12.168] 총 매물 수: 8660건 → [15:01:12.168] === Bottleneck Point 종료 === → [15:01:12.168] S-05: 지역구 점수 계산 및 정렬 시작 → [15:01:12.169] S-06: 전세 최종 응답 생성 시작 → [15:01:12.169] 전세 지역구 추천 서비스 완료 → [15:01:12.170] 추천 요청 완료 - 상태: SUCCESS_NORMAL
exec-23,15:01:12.033,15:01:12.035,5458,386,7.1,25,8660,SUCCESS_NORMAL,[15:01:12.033] === Bottleneck Point 시작 === → [15:01:12.033] 총 소요 시간: 5458ms → [15:01:12.033] RDB 조회 시간: 386ms (7.1%) → [15:01:12.033] RDB 호출 횟수: 25회 → [15:01:12.033] 총 매물 수: 8660건 → [15:01:12.033] === Bottleneck Point 종료 === → [15:01:12.033] S-05: 지역구 점수 계산 및 정렬 시작 → [15:01:12.034] S-06: 전세 최종 응답 생성 시작 → [15:01:12.035] 전세 지역구 추천 서비스 완료 → [15:01:12.035] 추천 요청 완료 - 상태: SUCCESS_NORMAL
exec-24,15:01:12.067,15:01:12.069,5429,332,6.1,25,8660,SUCCESS_NORMAL,[15:01:12.067] === Bottleneck Point 시작 === → [15:01:12.067] 총 소요 시간: 5429ms → [15:01:12.067] RDB 조회 시간: 332ms (6.1%) → [15:01:12.067] RDB 호출 횟수: 25회 → [15:01:12.067] 총 매물 수: 8660건 → [15:01:12.067] === Bottleneck Point 종료 === → [15:01:12.067] S-05: 지역구 점수 계산 및 정렬 시작 → [15:01:12.068] S-06: 전세 최종 응답 생성 시작 → [15:01:12.069] 전세 지역구 추천 서비스 완료 → [15:01:12.069] 추천 요청 완료 - 상태: SUCCESS_NORMAL
exec-25,15:01:11.999,15:01:12.001,5408,282,5.2,25,8660,SUCCESS_NORMAL,[15:01:11.999] === Bottleneck Point 시작 === → [15:01:11.999] 총 소요 시간: 5408ms → [15:01:11.999] RDB 조회 시간: 282ms (5.2%) → [15:01:11.999] RDB 호출 횟수: 25회 → [15:01:11.999] 총 매물 수: 8660건 → [15:01:11.999] === Bottleneck Point 종료 === → [15:01:11.999] S-05: 지역구 점수 계산 및 정렬 시작 → [15:01:12.000] S-06: 전세 최종 응답 생성 시작 → [15:01:12.001] 전세 지역구 추천 서비스 완료 → [15:01:12.001] 추천 요청 완료 - 상태: SUCCESS_NORMAL
exec-26,15:01:12.157,15:01:12.159,5559,230,4.1,25,8660,SUCCESS_NORMAL,[15:01:12.157] === Bottleneck Point 시작 === → [15:01:12.157] 총 소요 시간: 5559ms → [15:01:12.158] RDB 조회 시간: 230ms (4.1%) → [15:01:12.158] RDB 호출 횟수: 25회 → [15:01:12.158] 총 매물 수: 8660건 → [15:01:12.158] === Bottleneck Point 종료 === → [15:01:12.158] S-05: 지역구 점수 계산 및 정렬 시작 → [15:01:12.158] S-06: 전세 최종 응답 생성 시작 → [15:01:12.159] 전세 지역구 추천 서비스 완료 → [15:01:12.159] 추천 요청 완료 - 상태: SUCCESS_NORMAL
exec-27,15:01:12.080,15:01:12.083,5499,322,5.9,25,8660,SUCCESS_NORMAL,[15:01:12.080] === Bottleneck Point 시작 === → [15:01:12.080] 총 소요 시간: 5499ms → [15:01:12.081] RDB 조회 시간: 322ms (5.9%) → [15:01:12.081] RDB 호출 횟수: 25회 → [15:01:12.081] 총 매물 수: 8660건 → [15:01:12.081] === Bottleneck Point 종료 === → [15:01:12.081] S-05: 지역구 점수 계산 및 정렬 시작 → [15:01:12.082] S-06: 전세 최종 응답 생성 시작 → [15:01:12.083] 전세 지역구 추천 서비스 완료 → [15:01:12.083] 추천 요청 완료 - 상태: SUCCESS_NORMAL
exec-28,15:01:12.161,15:01:12.162,5587,310,5.5,25,8660,SUCCESS_NORMAL,[15:01:12.161] === Bottleneck Point 시작 === → [15:01:12.161] 총 소요 시간: 5587ms → [15:01:12.161] RDB 조회 시간: 310ms (5.5%) → [15:01:12.161] RDB 호출 횟수: 25회 → [15:01:12.161] 총 매물 수: 8660건 → [15:01:12.161] === Bottleneck Point 종료 === → [15:01:12.161] S-05: 지역구 점수 계산 및 정렬 시작 → [15:01:12.162] S-06: 전세 최종 응답 생성 시작 → [15:01:12.162] 전세 지역구 추천 서비스 완료 → [15:01:12.162] 추천 요청 완료 - 상태: SUCCESS_NORMAL
exec-29,15:01:12.167,15:01:12.169,5595,390,7.0,25,8660,SUCCESS_NORMAL,[15:01:12.167] === Bottleneck Point 시작 === → [15:01:12.167] 총 소요 시간: 5595ms → [15:01:12.167] RDB 조회 시간: 390ms (7.0%) → [15:01:12.168] RDB 호출 횟수: 25회 → [15:01:12.168] 총 매물 수: 8660건 → [15:01:12.168] === Bottleneck Point 종료 === → [15:01:12.168] S-05: 지역구 점수 계산 및 정렬 시작 → [15:01:12.169] S-06: 전세 최종 응답 생성 시작 → [15:01:12.169] 전세 지역구 추천 서비스 완료 → [15:01:12.169] 추천 요청 완료 - 상태: SUCCESS_NORMAL
exec-30,15:01:12.146,15:01:12.147,5573,400,7.2,25,8660,SUCCESS_NORMAL,[15:01:12.146] === Bottleneck Point 시작 === → [15:01:12.146] 총 소요 시간: 5573ms → [15:01:12.146] RDB 조회 시간: 400ms (7.2%) → [15:01:12.146] RDB 호출 횟수: 25회 → [15:01:12.146] 총 매물 수: 8660건 → [15:01:12.146] === Bottleneck Point 종료 === → [15:01:12.146] S-05: 지역구 점수 계산 및 정렬 시작 → [15:01:12.147] S-06: 전세 최종 응답 생성 시작 → [15:01:12.147] 전세 지역구 추천 서비스 완료 → [15:01:12.147] 추천 요청 완료 - 상태: SUCCESS_NORMAL
exec-31,15:01:12.139,15:01:12.141,5545,348,6.3,25,8660,SUCCESS_NORMAL,[15:01:12.139] === Bottleneck Point 시작 === → [15:01:12.139] 총 소요 시간: 5545ms → [15:01:12.139] RDB 조회 시간: 348ms (6.3%) → [15:01:12.139] RDB 호출 횟수: 25회 → [15:01:12.139] 총 매물 수: 8660건 → [15:01:12.139] === Bottleneck Point 종료 === → [15:01:12.139] S-05: 지역구 점수 계산 및 정렬 시작 → [15:01:12.140] S-06: 전세 최종 응답 생성 시작 → [15:01:12.141] 전세 지역구 추천 서비스 완료 → [15:01:12.141] 추천 요청 완료 - 상태: SUCCESS_NORMAL
exec-32,15:01:12.172,15:01:12.174,5593,310,5.5,25,8660,SUCCESS_NORMAL,[15:01:12.172] === Bottleneck Point 시작 === → [15:01:12.172] 총 소요 시간: 5593ms → [15:01:12.172] RDB 조회 시간: 310ms (5.5%) → [15:01:12.172] RDB 호출 횟수: 25회 → [15:01:12.172] 총 매물 수: 8660건 → [15:01:12.172] === Bottleneck Point 종료 === → [15:01:12.172] S-05: 지역구 점수 계산 및 정렬 시작 → [15:01:12.173] S-06: 전세 최종 응답 생성 시작 → [15:01:12.174] 전세 지역구 추천 서비스 완료 → [15:01:12.174] 추천 요청 완료 - 상태: SUCCESS_NORMAL
exec-33,15:01:12.167,15:01:12.170,5591,335,6.0,25,8660,SUCCESS_NORMAL,[15:01:12.167] === Bottleneck Point 시작 === → [15:01:12.167] 총 소요 시간: 5591ms → [15:01:12.168] RDB 조회 시간: 335ms (6.0%) → [15:01:12.168] RDB 호출 횟수: 25회 → [15:01:12.168] 총 매물 수: 8660건 → [15:01:12.168] === Bottleneck Point 종료 === → [15:01:12.168] S-05: 지역구 점수 계산 및 정렬 시작 → [15:01:12.169] S-06: 전세 최종 응답 생성 시작 → [15:01:12.169] 전세 지역구 추천 서비스 완료 → [15:01:12.170] 추천 요청 완료 - 상태: SUCCESS_NORMAL
exec-34,15:01:12.168,15:01:12.170,5589,337,6.0,25,8660,SUCCESS_NORMAL,[15:01:12.168] === Bottleneck Point 시작 === → [15:01:12.168] 총 소요 시간: 5589ms → [15:01:12.168] RDB 조회 시간: 337ms (6.0%) → [15:01:12.168] RDB 호출 횟수: 25회 → [15:01:12.168] 총 매물 수: 8660건 → [15:01:12.168] === Bottleneck Point 종료 === → [15:01:12.168] S-05: 지역구 점수 계산 및 정렬 시작 → [15:01:12.169] S-06: 전세 최종 응답 생성 시작 → [15:01:12.170] 전세 지역구 추천 서비스 완료 → [15:01:12.170] 추천 요청 완료 - 상태: SUCCESS_NORMAL
exec-35,15:01:12.146,15:01:12.149,5552,367,6.6,25,8660,SUCCESS_NORMAL,[15:01:12.146] === Bottleneck Point 시작 === → [15:01:12.146] 총 소요 시간: 5552ms → [15:01:12.146] RDB 조회 시간: 367ms (6.6%) → [15:01:12.146] RDB 호출 횟수: 25회 → [15:01:12.146] 총 매물 수: 8660건 → [15:01:12.146] === Bottleneck Point 종료 === → [15:01:12.146] S-05: 지역구 점수 계산 및 정렬 시작 → [15:01:12.148] S-06: 전세 최종 응답 생성 시작 → [15:01:12.149] 전세 지역구 추천 서비스 완료 → [15:01:12.149] 추천 요청 완료 - 상태: SUCCESS_NORMAL
exec-36,15:01:12.146,15:01:12.147,5571,382,6.9,25,8660,SUCCESS_NORMAL,[15:01:12.146] === Bottleneck Point 시작 === → [15:01:12.146] 총 소요 시간: 5571ms → [15:01:12.146] RDB 조회 시간: 382ms (6.9%) → [15:01:12.146] RDB 호출 횟수: 25회 → [15:01:12.146] 총 매물 수: 8660건 → [15:01:12.146] === Bottleneck Point 종료 === → [15:01:12.146] S-05: 지역구 점수 계산 및 정렬 시작 → [15:01:12.147] S-06: 전세 최종 응답 생성 시작 → [15:01:12.147] 전세 지역구 추천 서비스 완료 → [15:01:12.147] 추천 요청 완료 - 상태: SUCCESS_NORMAL
exec-37,15:01:12.139,15:01:12.141,5565,300,5.4,25,8660,SUCCESS_NORMAL,[15:01:12.139] === Bottleneck Point 시작 === → [15:01:12.139] 총 소요 시간: 5565ms → [15:01:12.139] RDB 조회 시간: 300ms (5.4%) → [15:01:12.139] RDB 호출 횟수: 25회 → [15:01:12.139] 총 매물 수: 8660건 → [15:01:12.139] === Bottleneck Point 종료 === → [15:01:12.139] S-05: 지역구 점수 계산 및 정렬 시작 → [15:01:12.140] S-06: 전세 최종 응답 생성 시작 → [15:01:12.141] 전세 지역구 추천 서비스 완료 → [15:01:12.141] 추천 요청 완료 - 상태: SUCCESS_NORMAL
exec-38,15:01:12.139,15:01:12.141,5559,353,6.4,25,8660,SUCCESS_NORMAL,[15:01:12.139] === Bottleneck Point 시작 === → [15:01:12.139] 총 소요 시간: 5559ms → [15:01:12.139] RDB 조회 시간: 353ms (6.4%) → [15:01:12.139] RDB 호출 횟수: 25회 → [15:01:12.139] 총 매물 수: 8660건 → [15:01:12.139] === Bottleneck Point 종료 === → [15:01:12.139] S-05: 지역구 점수 계산 및 정렬 시작 → [15:01:12.140] S-06: 전세 최종 응답 생성 시작 → [15:01:12.141] 전세 지역구 추천 서비스 완료 → [15:01:12.141] 추천 요청 완료 - 상태: SUCCESS_NORMAL
exec-39,15:01:12.119,15:01:12.122,5534,294,5.3,25,8660,SUCCESS_NORMAL,[15:01:12.119] === Bottleneck Point 시작 === → [15:01:12.119] 총 소요 시간: 5534ms → [15:01:12.119] RDB 조회 시간: 294ms (5.3%) → [15:01:12.120] RDB 호출 횟수: 25회 → [15:01:12.120] 총 매물 수: 8660건 → [15:01:12.120] === Bottleneck Point 종료 === → [15:01:12.120] S-05: 지역구 점수 계산 및 정렬 시작 → [15:01:12.121] S-06: 전세 최종 응답 생성 시작 → [15:01:12.122] 전세 지역구 추천 서비스 완료 → [15:01:12.122] 추천 요청 완료 - 상태: SUCCESS_NORMAL
exec-40,15:01:12.151,15:01:12.153,5569,416,7.5,25,8660,SUCCESS_NORMAL,[15:01:12.151] === Bottleneck Point 시작 === → [15:01:12.151] 총 소요 시간: 5569ms → [15:01:12.151] RDB 조회 시간: 416ms (7.5%) → [15:01:12.151] RDB 호출 횟수: 25회 → [15:01:12.151] 총 매물 수: 8660건 → [15:01:12.152] === Bottleneck Point 종료 === → [15:01:12.152] S-05: 지역구 점수 계산 및 정렬 시작 → [15:01:12.153] S-06: 전세 최종 응답 생성 시작 → [15:01:12.153] 전세 지역구 추천 서비스 완료 → [15:01:12.153] 추천 요청 완료 - 상태: SUCCESS_NORMAL
exec-41,15:01:12.119,15:01:12.122,5546,395,7.1,25,8660,SUCCESS_NORMAL,[15:01:12.119] === Bottleneck Point 시작 === → [15:01:12.119] 총 소요 시간: 5546ms → [15:01:12.119] RDB 조회 시간: 395ms (7.1%) → [15:01:12.119] RDB 호출 횟수: 25회 → [15:01:12.120] 총 매물 수: 8660건 → [15:01:12.120] === Bottleneck Point 종료 === → [15:01:12.120] S-05: 지역구 점수 계산 및 정렬 시작 → [15:01:12.121] S-06: 전세 최종 응답 생성 시작 → [15:01:12.122] 전세 지역구 추천 서비스 완료 → [15:01:12.122] 추천 요청 완료 - 상태: SUCCESS_NORMAL
exec-42,15:01:12.129,15:01:12.131,5544,346,6.2,25,8660,SUCCESS_NORMAL,[15:01:12.129] === Bottleneck Point 시작 === → [15:01:12.129] 총 소요 시간: 5544ms → [15:01:12.129] RDB 조회 시간: 346ms (6.2%) → [15:01:12.130] RDB 호출 횟수: 25회 → [15:01:12.130] 총 매물 수: 8660건 → [15:01:12.130] === Bottleneck Point 종료 === → [15:01:12.130] S-05: 지역구 점수 계산 및 정렬 시작 → [15:01:12.131] S-06: 전세 최종 응답 생성 시작 → [15:01:12.131] 전세 지역구 추천 서비스 완료 → [15:01:12.131] 추천 요청 완료 - 상태: SUCCESS_NORMAL
exec-43,15:01:12.000,15:01:12.002,5426,331,6.1,25,8660,SUCCESS_NORMAL,[15:01:12.000] === Bottleneck Point 시작 === → [15:01:12.000] 총 소요 시간: 5426ms → [15:01:12.000] RDB 조회 시간: 331ms (6.1%) → [15:01:12.000] RDB 호출 횟수: 25회 → [15:01:12.000] 총 매물 수: 8660건 → [15:01:12.000] === Bottleneck Point 종료 === → [15:01:12.000] S-05: 지역구 점수 계산 및 정렬 시작 → [15:01:12.001] S-06: 전세 최종 응답 생성 시작 → [15:01:12.002] 전세 지역구 추천 서비스 완료 → [15:01:12.002] 추천 요청 완료 - 상태: SUCCESS_NORMAL
exec-44,15:01:12.144,15:01:12.145,5571,379,6.8,25,8660,SUCCESS_NORMAL,[15:01:12.144] === Bottleneck Point 시작 === → [15:01:12.144] 총 소요 시간: 5571ms → [15:01:12.145] RDB 조회 시간: 379ms (6.8%) → [15:01:12.145] RDB 호출 횟수: 25회 → [15:01:12.145] 총 매물 수: 8660건 → [15:01:12.145] === Bottleneck Point 종료 === → [15:01:12.145] S-05: 지역구 점수 계산 및 정렬 시작 → [15:01:12.145] S-06: 전세 최종 응답 생성 시작 → [15:01:12.145] 전세 지역구 추천 서비스 완료 → [15:01:12.145] 추천 요청 완료 - 상태: SUCCESS_NORMAL
exec-45,15:01:12.163,15:01:12.164,5585,299,5.4,25,8660,SUCCESS_NORMAL,[15:01:12.163] === Bottleneck Point 시작 === → [15:01:12.163] 총 소요 시간: 5585ms → [15:01:12.163] RDB 조회 시간: 299ms (5.4%) → [15:01:12.163] RDB 호출 횟수: 25회 → [15:01:12.163] 총 매물 수: 8660건 → [15:01:12.163] === Bottleneck Point 종료 === → [15:01:12.163] S-05: 지역구 점수 계산 및 정렬 시작 → [15:01:12.164] S-06: 전세 최종 응답 생성 시작 → [15:01:12.164] 전세 지역구 추천 서비스 완료 → [15:01:12.164] 추천 요청 완료 - 상태: SUCCESS_NORMAL
exec-46,15:01:11.982,15:01:11.992,5398,327,6.1,25,8660,SUCCESS_NORMAL,[15:01:11.982] === Bottleneck Point 시작 === → [15:01:11.982] 총 소요 시간: 5398ms → [15:01:11.983] RDB 조회 시간: 327ms (6.1%) → [15:01:11.983] RDB 호출 횟수: 25회 → [15:01:11.983] 총 매물 수: 8660건 → [15:01:11.983] === Bottleneck Point 종료 === → [15:01:11.983] S-05: 지역구 점수 계산 및 정렬 시작 → [15:01:11.986] S-06: 전세 최종 응답 생성 시작 → [15:01:11.992] 전세 지역구 추천 서비스 완료 → [15:01:11.992] 추천 요청 완료 - 상태: SUCCESS_NORMAL
exec-47,15:01:12.112,15:01:12.114,5539,248,4.5,25,8660,SUCCESS_NORMAL,[15:01:12.112] === Bottleneck Point 시작 === → [15:01:12.112] 총 소요 시간: 5539ms → [15:01:12.113] RDB 조회 시간: 248ms (4.5%) → [15:01:12.113] RDB 호출 횟수: 25회 → [15:01:12.113] 총 매물 수: 8660건 → [15:01:12.113] === Bottleneck Point 종료 === → [15:01:12.113] S-05: 지역구 점수 계산 및 정렬 시작 → [15:01:12.113] S-06: 전세 최종 응답 생성 시작 → [15:01:12.114] 전세 지역구 추천 서비스 완료 → [15:01:12.114] 추천 요청 완료 - 상태: SUCCESS_NORMAL
exec-48,15:01:12.176,15:01:12.177,5589,303,5.4,25,8660,SUCCESS_NORMAL,[15:01:12.176] === Bottleneck Point 시작 === → [15:01:12.176] 총 소요 시간: 5589ms → [15:01:12.176] RDB 조회 시간: 303ms (5.4%) → [15:01:12.176] RDB 호출 횟수: 25회 → [15:01:12.176] 총 매물 수: 8660건 → [15:01:12.176] === Bottleneck Point 종료 === → [15:01:12.176] S-05: 지역구 점수 계산 및 정렬 시작 → [15:01:12.177] S-06: 전세 최종 응답 생성 시작 → [15:01:12.177] 전세 지역구 추천 서비스 완료 → [15:01:12.177] 추천 요청 완료 - 상태: SUCCESS_NORMAL
exec-49,15:01:12.129,15:01:12.131,5553,386,7.0,25,8660,SUCCESS_NORMAL,[15:01:12.129] === Bottleneck Point 시작 === → [15:01:12.129] 총 소요 시간: 5553ms → [15:01:12.130] RDB 조회 시간: 386ms (7.0%) → [15:01:12.130] RDB 호출 횟수: 25회 → [15:01:12.130] 총 매물 수: 8660건 → [15:01:12.130] === Bottleneck Point 종료 === → [15:01:12.130] S-05: 지역구 점수 계산 및 정렬 시작 → [15:01:12.131] S-06: 전세 최종 응답 생성 시작 → [15:01:12.131] 전세 지역구 추천 서비스 완료 → [15:01:12.131] 추천 요청 완료 - 상태: SUCCESS_NORMAL
exec-50,15:01:12.072,15:01:12.075,5491,344,6.3,25,8660,SUCCESS_NORMAL,[15:01:12.072] === Bottleneck Point 시작 === → [15:01:12.072] 총 소요 시간: 5491ms → [15:01:12.072] RDB 조회 시간: 344ms (6.3%) → [15:01:12.072] RDB 호출 횟수: 25회 → [15:01:12.072] 총 매물 수: 8660건 → [15:01:12.072] === Bottleneck Point 종료 === → [15:01:12.072] S-05: 지역구 점수 계산 및 정렬 시작 → [15:01:12.074] S-06: 전세 최종 응답 생성 시작 → [15:01:12.074] 전세 지역구 추천 서비스 완료 → [15:01:12.075] 추천 요청 완료 - 상태: SUCCESS_NORMAL
